assessment_id,person_id,workshop_id,timestamp,role,department_id,confidence_ai_tools,confidence_pedagogical_use,confidence_risk_mitigation,overall_readiness
6166eb8d-06ab-4290-ba67-fc5723ebf8ce,P_0148,WS_001,2023-01-25T00:00:00,faculty,DEPT_005,2,3,5,1
861ab787-aa9b-4de7-97bb-c34a78418304,P_0122,WS_001,2023-01-24T00:00:00,grad_student,DEPT_001,1,4,1,3
6390002e-7de5-4907-88de-8012d77deffa,P_0063,WS_001,2023-01-25T00:00:00,faculty,DEPT_010,3,5,3,4
26e274c0-0bce-433e-b086-e97182bfdad5,P_0199,WS_001,2023-01-24T00:00:00,faculty,DEPT_007,5,5,3,1
c35043a5-5462-4e58-9d39-96329827bd96,P_0105,WS_001,2023-01-24T00:00:00,faculty,DEPT_009,4,2,4,3
222171ad-de72-4f2a-b73e-fe8eca1e0403,P_0049,WS_001,2023-01-23T00:00:00,grad_student,DEPT_005,1,5,3,2
335df68a-b578-4aa3-aeb8-7c9e5f71ca71,P_0025,WS_001,2023-01-24T00:00:00,staff,DEPT_005,3,3,2,5
dbbf707d-02e4-4352-8510-0ed976b2e5c5,P_0194,WS_001,2023-01-23T00:00:00,staff,DEPT_007,3,2,5,4
38c5fe62-fb2d-4d1e-898c-453e18032aa7,P_0169,WS_001,2023-01-23T00:00:00,grad_student,DEPT_007,2,3,3,2
14b3d67c-1596-4062-9fa0-a29660ae3538,P_0111,WS_001,2023-01-23T00:00:00,faculty,DEPT_007,3,3,5,1
3a0f7273-5654-42fc-a305-597349011dfd,P_0091,WS_001,2023-01-24T00:00:00,grad_student,DEPT_006,4,2,4,3
adbeb127-ed97-4cd3-9bee-b92bc6de3cb3,P_0109,WS_001,2023-01-23T00:00:00,grad_student,DEPT_007,3,3,2,2
cc86f63d-b024-4927-b4f8-27beb001ecc7,P_0106,WS_001,2023-01-24T00:00:00,staff,DEPT_006,3,2,2,3
01e79e2b-a011-47d0-bc92-d241ab430c9a,P_0120,WS_001,2023-01-25T00:00:00,staff,DEPT_009,4,1,1,5
e00350c8-e621-456c-bc1f-a0d74f2a4b9a,P_0014,WS_001,2023-01-23T00:00:00,staff,DEPT_007,4,4,3,5
c0d44400-d582-442b-8a6c-6b9487cfb6b1,P_0173,WS_001,2023-01-25T00:00:00,grad_student,DEPT_001,3,5,4,3
7343106b-47a8-45ec-b8d4-df80bfe795a3,P_0168,WS_001,2023-01-25T00:00:00,grad_student,DEPT_005,3,4,4,5
39531284-17ba-4868-9f97-11f10469e542,P_0166,WS_001,2023-01-24T00:00:00,grad_student,DEPT_007,2,4,5,3
b9dffff8-b51c-4ce9-9694-758529b5997c,P_0026,WS_001,2023-01-25T00:00:00,staff,DEPT_006,4,5,4,5
56ec4e09-e0a3-40e0-8eff-4a5130ee3a82,P_0016,WS_001,2023-01-23T00:00:00,staff,DEPT_010,1,2,3,3
922aa677-812c-4cb7-81ad-2efcb4d77a1d,P_0104,WS_001,2023-01-24T00:00:00,faculty,DEPT_010,4,4,4,5
4cfc9937-306e-4944-81ac-1634e2b7b155,P_0087,WS_001,2023-01-25T00:00:00,faculty,DEPT_001,4,2,3,4
53f1398e-20a2-4e41-b9e6-74056a617881,P_0028,WS_001,2023-01-25T00:00:00,grad_student,DEPT_008,4,5,5,4
2c0f0827-6554-48b2-9efd-1837cc8f057a,P_0064,WS_001,2023-01-25T00:00:00,grad_student,DEPT_005,5,2,4,5
ea3514f9-0286-4301-ac66-22ebeac07a74,P_0050,WS_001,2023-01-25T00:00:00,grad_student,DEPT_006,1,4,2,2
cb16e1cf-a2ae-468f-a376-1803f353c8a4,P_0195,WS_001,2023-01-24T00:00:00,staff,DEPT_007,4,5,5,1
69b22f89-5722-4475-8802-e7307b9c65d0,P_0138,WS_001,2023-01-24T00:00:00,staff,DEPT_010,5,3,5,5
e2fcabcb-5783-4d67-ba58-16e0a8f60c9b,P_0115,WS_001,2023-01-23T00:00:00,faculty,DEPT_010,5,3,5,5
e3b6f95d-64e9-4b1e-93e3-9b3c2ff8286d,P_0036,WS_001,2023-01-25T00:00:00,grad_student,DEPT_007,4,5,2,1
6405b1b9-388e-4e35-bd0d-c1a4150f75f3,P_0189,WS_001,2023-01-24T00:00:00,faculty,DEPT_007,4,3,2,4
39fac35d-53c5-43ff-8a5d-741a4ec7ca76,P_0047,WS_001,2023-01-25T00:00:00,staff,DEPT_007,5,3,2,4
67e03961-b146-456f-a0e1-7990999b2d03,P_0072,WS_001,2023-01-25T00:00:00,grad_student,DEPT_002,1,1,2,3
68f20fac-eda6-44ee-9b03-cf69b4677191,P_0119,WS_001,2023-01-25T00:00:00,grad_student,DEPT_002,4,5,5,3
a5a54793-0b7a-47e8-8428-9dccf87f099e,P_0177,WS_001,2023-01-25T00:00:00,staff,DEPT_003,1,1,5,5
85424cd2-153c-4b23-896a-e07ce0e472be,P_0020,WS_001,2023-01-24T00:00:00,faculty,DEPT_004,5,2,1,5
c16f4152-5897-40be-8933-de3c044c4d07,P_0114,WS_001,2023-01-25T00:00:00,faculty,DEPT_006,5,5,1,5
a3d05a30-3427-47da-828a-a47792c171f6,P_0141,WS_001,2023-01-24T00:00:00,grad_student,DEPT_003,4,4,4,5
6f8b65f3-da59-4626-80f3-818266e769d4,P_0182,WS_001,2023-01-24T00:00:00,faculty,DEPT_008,4,5,3,2
0cab0f0c-4d8c-46f8-838d-f995430c593a,P_0013,WS_001,2023-01-23T00:00:00,staff,DEPT_005,5,4,2,4
c424b896-fc75-4c29-a488-efa98dade250,P_0139,WS_001,2023-01-24T00:00:00,grad_student,DEPT_004,4,5,5,1
efc63979-a76d-4d5e-8cee-b6d04e774924,P_0004,WS_001,2023-01-24T00:00:00,grad_student,DEPT_005,4,5,4,5
6c9ad701-944f-4342-857a-189576112944,P_0024,WS_001,2023-01-25T00:00:00,staff,DEPT_005,4,3,2,3
9a4b1c3d-de22-4680-b22c-ffe7a0423476,P_0061,WS_001,2023-01-24T00:00:00,grad_student,DEPT_004,4,4,3,2
21d8f14e-cd69-44cc-b0ad-6c960d3c57da,P_0043,WS_001,2023-01-24T00:00:00,grad_student,DEPT_001,4,3,3,2
6acf905a-635f-44b6-aa11-65920ac29977,P_0196,WS_001,2023-01-23T00:00:00,faculty,DEPT_002,3,5,5,4
3f4f0303-9b8a-492f-b1e3-ec72685042b2,P_0125,WS_001,2023-01-25T00:00:00,staff,DEPT_002,5,1,1,2
1e922599-9d7e-426f-8a5c-258571be5f59,P_0124,WS_001,2023-01-25T00:00:00,staff,DEPT_009,3,5,5,5
46ef0182-0d8f-42ab-a793-1d015be8fb94,P_0055,WS_001,2023-01-23T00:00:00,grad_student,DEPT_001,1,2,4,3
cadfc42a-f61e-4267-b4ac-89cd2a242074,P_0103,WS_001,2023-01-23T00:00:00,faculty,DEPT_003,5,5,5,5
ef88f254-ef04-4638-8ac0-02af29d45930,P_0181,WS_001,2023-01-25T00:00:00,faculty,DEPT_008,2,5,2,5
56a9211c-fc08-4ec5-9892-c690d35a88c9,P_0157,WS_001,2023-01-23T00:00:00,faculty,DEPT_003,2,4,4,5
7140e2cf-2f0e-4607-b736-2f9c1d0e8791,P_0098,WS_001,2023-01-25T00:00:00,staff,DEPT_007,5,5,2,1
ac3a0aac-57d3-4d3f-bc74-cd31ca05652b,P_0001,WS_001,2023-01-25T00:00:00,faculty,DEPT_002,3,4,2,2
13d175af-92e6-4fc7-a5f4-cdf77bd3b361,P_0100,WS_001,2023-01-24T00:00:00,staff,DEPT_010,5,3,4,3
b1109cd2-b267-478f-b736-25ad7b8c5ac9,P_0068,WS_001,2023-01-23T00:00:00,staff,DEPT_006,5,4,5,1
6ce5dcfd-b3e1-455f-a80b-5846b41a408b,P_0117,WS_001,2023-01-25T00:00:00,grad_student,DEPT_007,2,5,5,3
3b7ab53d-970e-486a-ba2b-bb57eeb67b7e,P_0074,WS_001,2023-01-25T00:00:00,faculty,DEPT_008,3,3,2,5
97ca65f6-bf66-4136-8589-873431f1617e,P_0171,WS_001,2023-01-23T00:00:00,faculty,DEPT_010,2,4,1,5
df5cd371-a802-4dd6-9c0f-3cbeb6def605,P_0155,WS_001,2023-01-23T00:00:00,staff,DEPT_003,4,5,4,5
a5310227-62ff-4561-8e28-f6cd6127b0e9,P_0040,WS_001,2023-01-25T00:00:00,grad_student,DEPT_004,3,1,4,5
f80254b5-add6-4359-bf40-533719b9743e,P_0175,WS_001,2023-01-24T00:00:00,grad_student,DEPT_005,5,4,5,5
982462b4-fd6e-4c7f-868f-0a8a4d42158f,P_0083,WS_002,2023-07-05T00:00:00,grad_student,DEPT_008,5,5,3,4
faa2e0a7-17e6-42cc-af56-54ebc46ee333,P_0049,WS_002,2023-07-05T00:00:00,faculty,DEPT_008,5,2,3,5
9f76f34e-9352-4beb-848f-6703b74b48cb,P_0179,WS_002,2023-07-07T00:00:00,grad_student,DEPT_007,1,5,4,3
ec7b267c-7126-4a0e-a456-1b8602f9b17b,P_0062,WS_002,2023-07-05T00:00:00,faculty,DEPT_005,3,5,1,1
cfcc4e2d-345f-4102-8c91-accff4da8595,P_0147,WS_002,2023-07-05T00:00:00,faculty,DEPT_006,5,4,5,5
68f7bd62-049b-49f1-b90d-4d938df05c93,P_0099,WS_002,2023-07-07T00:00:00,faculty,DEPT_003,2,1,5,4
79cfdb97-72da-4b24-822f-c8f92debb369,P_0060,WS_002,2023-07-05T00:00:00,staff,DEPT_005,3,2,5,5
bc1f7e00-bb50-4f39-abba-3fef61db894c,P_0199,WS_002,2023-07-06T00:00:00,grad_student,DEPT_005,5,3,4,4
6a651429-d8b9-483f-b037-a1ae42114408,P_0106,WS_002,2023-07-05T00:00:00,staff,DEPT_010,5,5,3,4
a82efdf9-781e-4bb6-9770-4d6ef7e46987,P_0012,WS_002,2023-07-07T00:00:00,grad_student,DEPT_010,4,5,3,5
a084304a-2369-4ee3-9cc9-1761c7a276d6,P_0082,WS_002,2023-07-07T00:00:00,grad_student,DEPT_003,2,3,3,4
3f764c78-680b-436f-845a-27b82bb30528,P_0076,WS_003,2023-07-16T00:00:00,grad_student,DEPT_007,5,2,4,4
0b954ad2-2cc9-4e19-abee-edc1a49d25af,P_0084,WS_003,2023-07-14T00:00:00,grad_student,DEPT_002,4,4,5,1
67805fbc-9647-43ee-a245-57592f3e10c7,P_0192,WS_003,2023-07-15T00:00:00,faculty,DEPT_002,4,5,5,3
346160b3-442c-4277-8288-29758d0583bc,P_0107,WS_003,2023-07-16T00:00:00,grad_student,DEPT_007,2,4,5,4
f67543a2-9f35-4d68-be40-e140508c5c4f,P_0045,WS_003,2023-07-15T00:00:00,staff,DEPT_004,1,3,4,1
dea06dcc-6b2f-40b8-b650-8708fc38890b,P_0052,WS_003,2023-07-16T00:00:00,grad_student,DEPT_004,1,1,5,2
4c3874b5-5815-49db-aa37-457b241328ca,P_0034,WS_003,2023-07-14T00:00:00,faculty,DEPT_010,2,5,3,1
9c94d5ce-baa0-46dd-b510-7f9ce3eba3af,P_0139,WS_003,2023-07-16T00:00:00,grad_student,DEPT_002,2,2,1,4
e7f60260-10f8-4aa4-91e3-45c8bb62c4bc,P_0094,WS_003,2023-07-15T00:00:00,faculty,DEPT_001,5,3,1,5
0577412a-d8e5-47d2-9f6e-41f339b83a9a,P_0136,WS_003,2023-07-15T00:00:00,faculty,DEPT_009,2,4,5,1
9effe72c-0dea-4583-b58f-8404ebfbc5ad,P_0129,WS_003,2023-07-14T00:00:00,grad_student,DEPT_008,4,1,2,5
904d1a4a-21ce-45a3-b8d0-ceb125f372b8,P_0070,WS_003,2023-07-16T00:00:00,grad_student,DEPT_010,4,4,5,4
88fb80c7-9351-45c2-99ca-998e5bf891b0,P_0043,WS_003,2023-07-15T00:00:00,grad_student,DEPT_009,3,5,5,4
c818f67d-52f7-4ec1-9bca-c1fb53a6cd1a,P_0066,WS_003,2023-07-16T00:00:00,staff,DEPT_002,5,3,3,3
1071004f-a42a-4bac-849e-2ddf8bd3c4f4,P_0124,WS_003,2023-07-16T00:00:00,staff,DEPT_002,3,4,4,1
91d993ef-bbdf-436b-982f-c7ec60fcbcef,P_0200,WS_003,2023-07-14T00:00:00,staff,DEPT_007,5,3,3,3
0a88ac56-c4e6-42ac-b192-8aae0ae46475,P_0087,WS_003,2023-07-16T00:00:00,faculty,DEPT_008,1,4,5,3
8a8d9a16-a1c4-499d-97a6-4a15e9a27f2a,P_0030,WS_003,2023-07-16T00:00:00,grad_student,DEPT_010,2,4,2,2
5b284c53-dbd9-4249-a03e-f0558b12e4ff,P_0120,WS_003,2023-07-16T00:00:00,faculty,DEPT_003,5,1,3,2
c5298bba-af3c-4bba-b2e6-6e954be58021,P_0020,WS_003,2023-07-16T00:00:00,staff,DEPT_008,2,3,3,3
696f24f8-7b9b-47d4-91d3-9d6a75bca4ef,P_0037,WS_003,2023-07-16T00:00:00,faculty,DEPT_010,2,4,5,4
de8fa47d-a17b-4cb2-82bb-bd21e095d770,P_0058,WS_003,2023-07-15T00:00:00,faculty,DEPT_009,5,5,2,3
e22df0c2-422b-4fbc-9f13-f1c6dd2b528c,P_0174,WS_003,2023-07-14T00:00:00,staff,DEPT_004,2,2,3,3
07a9da9c-422d-4111-ad63-a30176cce1d1,P_0173,WS_003,2023-07-16T00:00:00,staff,DEPT_001,4,4,4,5
08efd058-2fa4-4877-80c0-ced9b4cb1626,P_0102,WS_003,2023-07-14T00:00:00,faculty,DEPT_006,5,3,5,3
ba705dba-49ba-4d48-b756-175bcef98362,P_0143,WS_003,2023-07-15T00:00:00,grad_student,DEPT_007,4,5,2,5
075065ef-6aef-4042-9ff3-5178aa963d09,P_0198,WS_003,2023-07-15T00:00:00,faculty,DEPT_006,5,1,3,5
f0b6c6d0-984f-4804-a424-b91f83ec30db,P_0024,WS_003,2023-07-16T00:00:00,faculty,DEPT_006,3,3,2,3
0324d33a-1e33-4986-b4b8-472157b4b0d2,P_0176,WS_003,2023-07-16T00:00:00,faculty,DEPT_003,1,4,3,2
2fc23807-cd62-4e95-bc1f-3d49565321e8,P_0004,WS_003,2023-07-14T00:00:00,staff,DEPT_008,5,4,5,3
93a76d0e-cf78-463e-a4f1-873457aa4c4d,P_0068,WS_003,2023-07-15T00:00:00,grad_student,DEPT_005,1,3,2,4
5066c1fd-31f5-485d-86ab-b0ad402c2e66,P_0138,WS_003,2023-07-16T00:00:00,grad_student,DEPT_002,3,4,5,3
768ba1c6-4ce7-470e-a8bd-e04e72e8d4ba,P_0032,WS_003,2023-07-16T00:00:00,grad_student,DEPT_008,2,3,5,1
ea3592ff-3eb2-4050-be53-c0ab9f93dfc7,P_0117,WS_003,2023-07-15T00:00:00,faculty,DEPT_001,5,5,3,5
3525bce1-c9d2-4592-abdd-4c0c947b43a9,P_0095,WS_003,2023-07-16T00:00:00,faculty,DEPT_010,4,2,4,3
ed5865bd-ec9c-4992-81f9-279c0c3580b7,P_0170,WS_003,2023-07-16T00:00:00,faculty,DEPT_010,5,3,3,3
487435a9-d6d6-43d3-9dda-f388c8c79c32,P_0150,WS_003,2023-07-16T00:00:00,grad_student,DEPT_010,3,5,5,5
c7da8290-72de-4042-888f-dfee9a7640ae,P_0024,WS_004,2023-12-11T00:00:00,grad_student,DEPT_003,5,2,5,4
cf6456fe-3958-4882-aa25-6ff1c79d5d82,P_0166,WS_004,2023-12-12T00:00:00,grad_student,DEPT_004,4,4,5,3
d8348572-1589-408e-a3e1-4c74034209cc,P_0172,WS_004,2023-12-10T00:00:00,grad_student,DEPT_007,5,3,3,4
a5070603-01db-43c7-9112-2b18e135178a,P_0109,WS_004,2023-12-11T00:00:00,grad_student,DEPT_002,3,3,2,2
f5160cd3-1cef-4076-9c68-1596badfc18a,P_0131,WS_004,2023-12-12T00:00:00,staff,DEPT_004,4,1,5,1
f36e78e1-07c9-4740-a5e8-185e58eff6dc,P_0093,WS_004,2023-12-10T00:00:00,faculty,DEPT_006,1,4,2,5
e9884588-fc91-4d0c-baf7-e5b1b12915ca,P_0005,WS_004,2023-12-11T00:00:00,grad_student,DEPT_003,4,4,3,3
037c175a-e0b7-43cb-97f9-5e65ed4d86e9,P_0195,WS_004,2023-12-10T00:00:00,grad_student,DEPT_010,4,1,4,4
f17c2d60-0b42-47d5-b5da-914e147e096e,P_0080,WS_004,2023-12-12T00:00:00,staff,DEPT_010,1,3,4,2
bc6eed16-5d3e-4a7c-a7ab-56323154703e,P_0047,WS_004,2023-12-12T00:00:00,faculty,DEPT_007,4,2,5,4
da9336b0-edb1-4589-8ff0-e0cf518e6740,P_0055,WS_004,2023-12-11T00:00:00,grad_student,DEPT_009,2,5,4,2
65d359f8-6940-4029-97dd-a29a16029373,P_0088,WS_004,2023-12-11T00:00:00,staff,DEPT_002,4,2,5,2
69babb89-fb02-4e2a-a5fe-2366604230a0,P_0125,WS_004,2023-12-10T00:00:00,grad_student,DEPT_008,5,2,2,1
d581972d-56f3-4e3b-9b23-f711c98d19c4,P_0050,WS_004,2023-12-12T00:00:00,staff,DEPT_001,3,5,5,3
cc7858c1-a438-41c6-9e90-10c3f66163eb,P_0058,WS_004,2023-12-11T00:00:00,staff,DEPT_006,2,3,5,5
78114567-9f6a-409c-965e-c47aad7764ba,P_0036,WS_004,2023-12-12T00:00:00,staff,DEPT_008,3,3,5,2
6881cd65-2ca1-4f20-b5e4-b4c9e054a634,P_0040,WS_004,2023-12-12T00:00:00,faculty,DEPT_002,4,3,5,5
0c61d186-1951-4745-8bdc-fb5559c014e8,P_0020,WS_004,2023-12-10T00:00:00,staff,DEPT_006,3,5,5,4
b3b4c32e-8c35-459b-b06f-d0042008e912,P_0076,WS_004,2023-12-10T00:00:00,grad_student,DEPT_009,2,1,4,5
5c474207-0545-4794-a805-39191dee44c1,P_0026,WS_004,2023-12-11T00:00:00,staff,DEPT_006,1,4,4,5
bf8032bb-3df6-4b11-a40a-55c47fb71689,P_0130,WS_004,2023-12-12T00:00:00,staff,DEPT_006,3,4,4,2
8c52f99f-1934-4ea2-a8c1-b6ab0b025cbf,P_0139,WS_004,2023-12-11T00:00:00,faculty,DEPT_009,5,4,4,2
66a26f50-98f4-4730-bcd5-116f3982b62a,P_0135,WS_004,2023-12-12T00:00:00,faculty,DEPT_003,5,4,4,3
b3a93188-64a2-4ed8-ab86-3193bbecba28,P_0010,WS_004,2023-12-10T00:00:00,staff,DEPT_009,3,2,2,3
60f9a3f2-d02b-4165-9308-948b47bccf6e,P_0170,WS_004,2023-12-10T00:00:00,faculty,DEPT_008,3,4,5,4
6bf8cc9a-e7a6-4c39-b14a-6060f741f153,P_0087,WS_004,2023-12-12T00:00:00,grad_student,DEPT_008,4,5,2,4
c9ebe66c-d3e8-4b4d-9b2d-147baa7c65b3,P_0159,WS_004,2023-12-10T00:00:00,staff,DEPT_009,2,4,2,5
a6642f50-a45a-4388-8c7d-8e29ce3f9019,P_0034,WS_004,2023-12-11T00:00:00,faculty,DEPT_003,3,4,5,4
245c8cd9-9eab-4184-b7b4-3570b02c8cda,P_0153,WS_004,2023-12-12T00:00:00,grad_student,DEPT_003,5,3,4,3
85179127-04c1-4dbd-ac0c-1cabf6b713a5,P_0097,WS_004,2023-12-12T00:00:00,faculty,DEPT_010,2,3,3,3
bd721af4-f4ad-4005-8f6f-ad6754383eba,P_0184,WS_004,2023-12-11T00:00:00,grad_student,DEPT_008,4,3,5,2
4a88ce0b-0040-42fc-83dd-5934379ecbbd,P_0042,WS_004,2023-12-12T00:00:00,staff,DEPT_003,4,5,5,3
616ae692-5b23-4644-bb5d-f493c42e3884,P_0191,WS_004,2023-12-11T00:00:00,staff,DEPT_006,2,4,2,3
3c78f4f9-1bbe-4960-9a57-3aa5705c7c10,P_0160,WS_004,2023-12-10T00:00:00,faculty,DEPT_003,2,5,5,5
f9af5075-4fcc-42f3-a8d9-73e1b78b7483,P_0049,WS_005,2023-03-27T00:00:00,faculty,DEPT_003,5,2,3,2
f999f784-f439-4c58-8d3b-abfba8953206,P_0196,WS_005,2023-03-27T00:00:00,grad_student,DEPT_003,4,4,5,3
c826bdd8-7ccd-49dd-a0d1-a0323917db86,P_0041,WS_005,2023-03-26T00:00:00,grad_student,DEPT_009,5,3,5,3
b5e67131-e248-4be1-84f6-403013bdf27d,P_0128,WS_005,2023-03-27T00:00:00,grad_student,DEPT_005,2,4,5,4
d0079e1c-553a-4e45-8a3d-b446e2afe1c6,P_0132,WS_005,2023-03-25T00:00:00,staff,DEPT_010,3,3,2,1
58d14357-5a58-4ab7-81a9-9a710b5f2df2,P_0120,WS_005,2023-03-27T00:00:00,grad_student,DEPT_007,2,5,5,3
021021e9-4771-4f32-8dc7-70a079b01cf6,P_0197,WS_005,2023-03-26T00:00:00,grad_student,DEPT_008,5,4,4,5
8b65da3c-7cfc-400b-909a-a87b1b92632a,P_0079,WS_005,2023-03-26T00:00:00,grad_student,DEPT_005,4,3,3,5
dddb8992-4ba0-4404-93a9-028f4a7885a9,P_0194,WS_005,2023-03-27T00:00:00,grad_student,DEPT_004,5,4,4,5
01fed0c5-d530-40e0-8853-e790ba7c32ff,P_0006,WS_005,2023-03-26T00:00:00,staff,DEPT_009,5,3,3,4
7c62bda5-28e1-46fa-8a19-65d6ed768d98,P_0024,WS_005,2023-03-27T00:00:00,grad_student,DEPT_005,5,2,2,5
c1d12562-f88b-40d3-8d3e-8e3eb97e316a,P_0101,WS_005,2023-03-25T00:00:00,faculty,DEPT_010,3,2,4,3
17ec7a34-6264-42d0-9eb7-5ce457dcb40c,P_0130,WS_005,2023-03-26T00:00:00,grad_student,DEPT_002,4,1,3,5
f3a91e8f-b273-47cf-bee9-2c66cf66f31f,P_0118,WS_005,2023-03-26T00:00:00,grad_student,DEPT_005,1,1,3,2
c8269be1-f640-4933-a923-425a34a5f7a9,P_0062,WS_005,2023-03-27T00:00:00,grad_student,DEPT_003,3,2,2,4
6dfed52d-10c4-4012-a319-585895c40a9c,P_0056,WS_005,2023-03-25T00:00:00,grad_student,DEPT_009,5,2,5,4
68aa10fa-b588-4507-88bf-c8d482422670,P_0150,WS_005,2023-03-27T00:00:00,grad_student,DEPT_005,2,1,5,5
135c918e-db6e-4168-8773-068f8c6447f9,P_0091,WS_005,2023-03-25T00:00:00,staff,DEPT_007,4,2,4,1
395e05a5-4cfc-4afb-a00e-4142f9cd071f,P_0013,WS_005,2023-03-27T00:00:00,staff,DEPT_005,4,5,3,4
c0a378d4-7662-4599-a331-9db6c79fc9e7,P_0182,WS_005,2023-03-25T00:00:00,grad_student,DEPT_006,3,3,3,5
56b2e759-ee09-4273-bee9-f47bec59bd81,P_0073,WS_005,2023-03-25T00:00:00,grad_student,DEPT_005,2,3,4,4
eea2ce18-27f2-44a0-871c-3490c9a23843,P_0127,WS_005,2023-03-25T00:00:00,staff,DEPT_010,5,5,4,4
bf69eba8-ec08-4439-9d6f-f2a51f8ed394,P_0153,WS_005,2023-03-26T00:00:00,faculty,DEPT_006,3,2,2,4
bd723b10-a5cc-472e-b378-54ddb93a66a3,P_0168,WS_005,2023-03-25T00:00:00,grad_student,DEPT_004,5,2,5,3
d908db2f-574e-48c8-bba9-e9b4fafa22db,P_0173,WS_005,2023-03-25T00:00:00,grad_student,DEPT_001,5,3,3,4
1d3f06e8-5c12-408e-ab29-c34691432de4,P_0121,WS_005,2023-03-25T00:00:00,staff,DEPT_001,4,2,1,1
fa7ebca7-b8f9-41ef-a574-8a8f701a7a59,P_0074,WS_005,2023-03-27T00:00:00,staff,DEPT_007,5,5,4,5
b15a1f85-1806-43d3-b976-7c98f830cc5e,P_0138,WS_005,2023-03-25T00:00:00,faculty,DEPT_006,3,5,4,4
ed137b3c-40e2-4b27-8e0b-5bf7805a4c73,P_0003,WS_005,2023-03-25T00:00:00,staff,DEPT_009,5,2,4,4
efea7d17-48c1-41cf-9f5d-2e95cb97ff43,P_0028,WS_005,2023-03-25T00:00:00,grad_student,DEPT_001,5,1,3,4
a53ebcaf-9df7-4f03-85cc-145ffd0d94d2,P_0111,WS_005,2023-03-25T00:00:00,faculty,DEPT_001,1,4,5,3
b547017e-9e34-42db-b4d2-398bfa7eaaed,P_0035,WS_005,2023-03-27T00:00:00,grad_student,DEPT_004,5,3,3,4
35eaef04-423a-46b6-adf4-1574c7e0e54b,P_0068,WS_005,2023-03-27T00:00:00,faculty,DEPT_005,4,5,5,2
1673827c-ed59-40c0-a1c5-bd5e722e4266,P_0094,WS_005,2023-03-26T00:00:00,staff,DEPT_007,2,3,5,4
6fdfdd52-c86e-474f-93ff-3ebc8110eff7,P_0104,WS_005,2023-03-25T00:00:00,staff,DEPT_003,2,4,5,4
d62cf5dc-642c-4be9-ac51-e77c099c9894,P_0167,WS_005,2023-03-26T00:00:00,staff,DEPT_002,5,3,4,1
555931c7-de70-49e2-a8b4-d3a0f198e625,P_0012,WS_005,2023-03-25T00:00:00,faculty,DEPT_002,2,4,4,3
1d85a04e-9ba5-4273-9848-79741a5078e1,P_0103,WS_005,2023-03-26T00:00:00,faculty,DEPT_008,3,5,4,4
d88d825f-ebf4-4118-a600-8afb6a90e396,P_0014,WS_005,2023-03-26T00:00:00,staff,DEPT_005,3,5,5,2
d7f9f794-6032-41c3-b999-7b265ed10cb5,P_0146,WS_005,2023-03-27T00:00:00,grad_student,DEPT_001,4,4,2,4
485a809c-3697-4603-bab3-b71096aa33dc,P_0144,WS_005,2023-03-27T00:00:00,faculty,DEPT_003,5,4,5,3
5b7fb7af-cee5-4e3f-8d99-7155cb5d392d,P_0050,WS_005,2023-03-25T00:00:00,grad_student,DEPT_008,5,5,3,3
ce28e0ef-c5e8-4271-bce5-d5951c2c1b82,P_0093,WS_005,2023-03-26T00:00:00,grad_student,DEPT_009,1,3,1,1
d1e8b2db-8c04-4cde-a8c3-55c034d17162,P_0142,WS_005,2023-03-27T00:00:00,faculty,DEPT_003,4,5,4,3
37be719d-673a-45ee-9cc0-ad150da1151c,P_0174,WS_005,2023-03-27T00:00:00,faculty,DEPT_008,2,5,2,1
ddf8825d-71a3-4a88-bd50-744eda5dabd0,P_0019,WS_005,2023-03-25T00:00:00,grad_student,DEPT_009,4,2,3,3
3150abf6-3854-4f01-9287-981aae011239,P_0099,WS_005,2023-03-26T00:00:00,staff,DEPT_005,5,4,3,3
72f1f166-78d9-4fca-a6a6-81adc6b65274,P_0188,WS_005,2023-03-26T00:00:00,grad_student,DEPT_005,3,2,1,5
dd876845-d0a5-4757-b618-04cb641732ea,P_0116,WS_005,2023-03-27T00:00:00,grad_student,DEPT_001,2,3,4,4
cddb0d67-485e-48b2-b3f1-9c520f11ed56,P_0141,WS_005,2023-03-27T00:00:00,grad_student,DEPT_004,5,5,1,1
ca6bb448-db90-464d-929e-c08e2794eada,P_0072,WS_005,2023-03-25T00:00:00,faculty,DEPT_006,4,2,5,2
cdd33c7c-11b1-4fd7-b022-438c115f8b71,P_0031,WS_005,2023-03-25T00:00:00,staff,DEPT_009,5,2,1,4
759323df-83b4-4bb4-bb44-2a78b3f4e02d,P_0033,WS_005,2023-03-26T00:00:00,grad_student,DEPT_010,4,4,3,4
b783272b-de16-45f0-bbba-b8cd064c6147,P_0025,WS_005,2023-03-25T00:00:00,faculty,DEPT_007,5,1,4,4
4958655f-33fb-4932-ac80-1634c07cf880,P_0189,WS_005,2023-03-25T00:00:00,grad_student,DEPT_003,5,4,4,2
a1c72c1f-8b8c-4fc5-a7a8-f6c1fa9ab83d,P_0096,WS_005,2023-03-27T00:00:00,faculty,DEPT_002,3,3,4,4
31298d19-db12-4cda-8262-2dc8c57468f6,P_0087,WS_005,2023-03-26T00:00:00,staff,DEPT_002,2,3,5,3
5b532aac-8393-4587-9c7a-223151914644,P_0143,WS_005,2023-03-26T00:00:00,grad_student,DEPT_004,3,5,2,2
a0789a38-e641-4202-a61c-a01eae4db837,P_0165,WS_005,2023-03-26T00:00:00,staff,DEPT_003,4,4,5,5
250a4a04-fdd6-4539-b2be-2586d4385c05,P_0127,WS_006,2023-01-18T00:00:00,grad_student,DEPT_005,5,2,5,4
33944322-92fd-443a-92ee-2e456f5506a9,P_0153,WS_006,2023-01-18T00:00:00,grad_student,DEPT_010,4,1,5,4
1bde23b0-73ca-4ce1-a16f-ba5e7c13c39b,P_0158,WS_006,2023-01-18T00:00:00,faculty,DEPT_008,3,3,5,3
be77af6c-d757-41d3-819e-fec7fecfef72,P_0051,WS_006,2023-01-17T00:00:00,staff,DEPT_010,5,3,4,1
e1a1dd6e-7853-42f0-b79b-236e54b83823,P_0118,WS_006,2023-01-17T00:00:00,faculty,DEPT_010,5,3,5,3
cd7f8d9e-8969-4e50-a745-bf20b2f0fbb5,P_0028,WS_006,2023-01-19T00:00:00,grad_student,DEPT_009,4,5,5,4
47f28015-c391-47b8-bd57-05b96716bf72,P_0035,WS_006,2023-01-17T00:00:00,faculty,DEPT_006,5,1,4,5
e03a9c1b-7e06-4463-b5e0-84023e0258de,P_0078,WS_006,2023-01-18T00:00:00,staff,DEPT_006,4,5,4,5
ed62f56f-8424-4ce4-bc30-48b18d7b131d,P_0002,WS_006,2023-01-19T00:00:00,staff,DEPT_002,1,3,1,5
0fc471df-3b98-46d6-ba2e-382b4fdb178f,P_0102,WS_006,2023-01-18T00:00:00,grad_student,DEPT_003,4,3,4,5
75a3f91d-2f38-41a7-b2a7-3ac10560b907,P_0086,WS_006,2023-01-17T00:00:00,staff,DEPT_007,3,2,4,5
bbd02778-61e3-4fde-a726-3b9d3501828e,P_0159,WS_006,2023-01-18T00:00:00,grad_student,DEPT_002,1,3,5,4
6accf352-0bd6-47d6-83c5-58d72ae543ee,P_0098,WS_006,2023-01-18T00:00:00,grad_student,DEPT_009,4,5,4,3
b14c690b-bea5-44d8-87bf-890e57e05874,P_0085,WS_006,2023-01-18T00:00:00,grad_student,DEPT_005,1,2,4,3
665b6b92-6bd7-4968-a48b-dba70e4befd8,P_0113,WS_006,2023-01-17T00:00:00,grad_student,DEPT_003,5,5,4,5
f06de9f1-4e4a-4a1c-9be7-35027d83c6b4,P_0190,WS_006,2023-01-18T00:00:00,grad_student,DEPT_003,3,5,3,3
82772546-9a6c-45fe-a9da-dbcbaaa678bc,P_0111,WS_006,2023-01-19T00:00:00,staff,DEPT_001,3,3,5,5
1e249ded-7836-4c1a-8841-a66407820122,P_0167,WS_006,2023-01-18T00:00:00,faculty,DEPT_008,1,3,3,3
3a435798-d719-4afc-b981-40aaea4682de,P_0199,WS_006,2023-01-18T00:00:00,grad_student,DEPT_008,5,1,3,4
e3872c96-fc1d-4539-8909-adeb2504e380,P_0194,WS_006,2023-01-18T00:00:00,faculty,DEPT_009,5,2,2,4
74f11b63-7bbb-46c9-b87e-6ba7dc3f9a5d,P_0077,WS_006,2023-01-17T00:00:00,faculty,DEPT_002,2,3,4,4
a30b0817-5eeb-40aa-b1f6-f5e2327f5e62,P_0083,WS_006,2023-01-19T00:00:00,grad_student,DEPT_006,4,4,5,3
e6743c39-17ab-4416-b439-125fcd21aac1,P_0155,WS_006,2023-01-17T00:00:00,staff,DEPT_003,3,4,2,4
d2d8a678-3962-4019-9ba7-355a18ec450b,P_0052,WS_006,2023-01-17T00:00:00,staff,DEPT_007,4,3,5,5
9cef17a9-4f60-4239-a027-c1b430e1bbf9,P_0123,WS_006,2023-01-17T00:00:00,grad_student,DEPT_005,5,4,5,4
67c4370a-589e-4e7b-9593-b259fa121050,P_0081,WS_006,2023-01-18T00:00:00,faculty,DEPT_006,5,3,5,4
f9f87ad2-7a58-4d81-98f7-b0ece70fe261,P_0046,WS_006,2023-01-19T00:00:00,faculty,DEPT_010,5,3,1,1
15f0d968-5e65-453c-b4d8-b6bd6bbdd975,P_0191,WS_006,2023-01-17T00:00:00,staff,DEPT_008,2,4,4,3
2678936a-e146-421a-871d-52a542457623,P_0082,WS_006,2023-01-19T00:00:00,faculty,DEPT_005,5,2,2,5
dbb92654-7e71-4875-af29-3c849b58966b,P_0024,WS_007,2023-04-19T00:00:00,staff,DEPT_004,5,1,3,5
23ef6b0c-d673-4a84-a8fc-85d5b14a1967,P_0181,WS_007,2023-04-19T00:00:00,staff,DEPT_003,5,3,2,5
2b97ca4b-4409-434e-b3b3-371131ffebe4,P_0025,WS_007,2023-04-21T00:00:00,faculty,DEPT_004,2,4,5,5
31a7623f-9bc4-496a-b356-6545308cb62d,P_0001,WS_007,2023-04-21T00:00:00,grad_student,DEPT_009,2,3,3,4
04ed6cfc-16d7-45a7-8eaa-5c4a0a6cc3c4,P_0055,WS_007,2023-04-19T00:00:00,grad_student,DEPT_007,1,4,4,3
706a9e9a-0d57-4b41-8fb1-40cc19e0a5cc,P_0123,WS_007,2023-04-21T00:00:00,grad_student,DEPT_010,1,5,2,1
20483733-e47e-49dc-b121-b56fd93f1cbc,P_0020,WS_007,2023-04-21T00:00:00,staff,DEPT_008,3,2,4,3
efa185c3-3fed-45d2-b634-18785f81e6eb,P_0034,WS_007,2023-04-21T00:00:00,grad_student,DEPT_005,2,3,2,5
7e46ddd7-adc6-415c-8b09-70d1123d45f2,P_0152,WS_007,2023-04-21T00:00:00,staff,DEPT_003,4,3,1,1
0d4a035f-7e20-44fa-9357-8aa1088853e2,P_0058,WS_007,2023-04-19T00:00:00,faculty,DEPT_004,5,5,5,4
d256648d-c0da-4662-aefc-fc61acb7306e,P_0133,WS_007,2023-04-19T00:00:00,faculty,DEPT_007,5,3,4,5
31dd05ef-216d-412e-87df-a8732b9f0d72,P_0175,WS_007,2023-04-20T00:00:00,faculty,DEPT_001,3,2,4,3
951a9db9-53f9-4047-bd36-28c3970f46f7,P_0114,WS_007,2023-04-19T00:00:00,faculty,DEPT_008,4,3,5,4
4632223a-4c31-4b09-b9fd-1a9bca9070d9,P_0003,WS_007,2023-04-19T00:00:00,grad_student,DEPT_004,4,3,3,5
c3d4b92b-81ce-4a8f-b32c-5de7689d4dbc,P_0187,WS_007,2023-04-21T00:00:00,staff,DEPT_001,1,5,4,1
bf0ef5c5-e391-4baf-85a8-8800044973d6,P_0179,WS_007,2023-04-20T00:00:00,grad_student,DEPT_003,5,2,2,4
2d9e5eff-06ae-41f4-a77a-02899eda8b91,P_0088,WS_007,2023-04-21T00:00:00,grad_student,DEPT_002,1,3,5,1
dfb7ab0e-95cf-4638-bcbc-231fe907e846,P_0031,WS_007,2023-04-20T00:00:00,staff,DEPT_004,4,3,4,3
321c1d6b-214c-433c-be6c-f6a5f2811d89,P_0109,WS_007,2023-04-20T00:00:00,grad_student,DEPT_003,2,3,1,4
fd415af7-6a04-4f1d-9553-9b0dda1dfc8e,P_0178,WS_007,2023-04-19T00:00:00,faculty,DEPT_006,4,5,5,5
ed01cd1f-50d1-4114-b0e4-f9280f87b4dd,P_0193,WS_007,2023-04-20T00:00:00,faculty,DEPT_010,3,5,2,3
2d56b94d-0913-4d13-83d3-f1951c7782e4,P_0195,WS_007,2023-04-21T00:00:00,staff,DEPT_005,4,1,4,5
99fe8cbe-0564-46a4-908c-3d91a00325aa,P_0019,WS_007,2023-04-19T00:00:00,faculty,DEPT_002,2,2,3,4
04902fbb-f66e-4563-b4ba-c063bf8bcb6c,P_0059,WS_007,2023-04-21T00:00:00,grad_student,DEPT_002,4,1,1,2
631043b9-5306-4f11-8eba-c991bbdee7e2,P_0099,WS_007,2023-04-20T00:00:00,faculty,DEPT_002,4,2,4,5
2e0a0613-6b44-4505-b6b6-c8cea82955cd,P_0023,WS_007,2023-04-19T00:00:00,staff,DEPT_003,2,4,5,5
d738dd1c-9f50-497c-9279-af224a478fe8,P_0027,WS_007,2023-04-19T00:00:00,grad_student,DEPT_004,4,5,4,5
d231a57f-9caf-4117-b4d4-6ab59b8fb72e,P_0174,WS_007,2023-04-21T00:00:00,grad_student,DEPT_004,3,2,5,5
39e708e5-9e58-409e-b2c5-2b49b91c8ff7,P_0081,WS_007,2023-04-19T00:00:00,staff,DEPT_006,3,3,1,4
f27c85a7-a069-45a8-a5f9-fa71d42eb885,P_0095,WS_007,2023-04-20T00:00:00,staff,DEPT_009,4,4,1,2
48dc563e-4003-4d38-be6d-f843eca8f9a5,P_0077,WS_007,2023-04-20T00:00:00,staff,DEPT_010,5,4,3,4
76b617ae-fd98-40ee-bdc3-0cee2221d66d,P_0036,WS_007,2023-04-20T00:00:00,grad_student,DEPT_001,3,3,2,4
541e012d-de25-4e4b-9ec2-ee44de384502,P_0098,WS_007,2023-04-21T00:00:00,faculty,DEPT_001,2,1,5,3
7ad0e4f0-d78e-4148-86af-cf6223c1fa07,P_0035,WS_007,2023-04-21T00:00:00,staff,DEPT_003,2,1,3,4
259f113a-501b-4b8c-8715-2d22da7225c4,P_0165,WS_007,2023-04-19T00:00:00,grad_student,DEPT_007,3,4,5,4
6a9f3aea-d90b-44f0-8378-2227ba357c22,P_0037,WS_007,2023-04-21T00:00:00,faculty,DEPT_006,5,3,2,4
48fd3c96-744d-41aa-875e-fbb10bf8491f,P_0018,WS_007,2023-04-19T00:00:00,grad_student,DEPT_001,5,3,2,4
13bf520e-87c6-427c-b144-5bdc8109ee00,P_0136,WS_007,2023-04-21T00:00:00,staff,DEPT_003,1,4,5,5
676709f0-dda7-477f-af3f-27577dcb0a0e,P_0145,WS_007,2023-04-20T00:00:00,staff,DEPT_006,2,3,4,2
68fb2e65-f164-447e-bfa8-22733aa57ea3,P_0186,WS_007,2023-04-20T00:00:00,staff,DEPT_001,5,5,3,4
f4813e3b-0deb-46a5-b333-ce79dcac8014,P_0157,WS_007,2023-04-20T00:00:00,grad_student,DEPT_008,2,3,5,1
56b458dd-3b97-4223-a0ba-82582f316dd1,P_0043,WS_007,2023-04-19T00:00:00,staff,DEPT_002,3,5,4,2
ba9b7f83-0ebc-4a48-8353-8719d0f78681,P_0113,WS_007,2023-04-20T00:00:00,staff,DEPT_001,2,4,3,3
dc6a4646-1b9b-4502-87cf-5bd67ee935b3,P_0090,WS_007,2023-04-19T00:00:00,grad_student,DEPT_009,4,5,5,3
714ae5c1-1056-4dbb-bb0e-41610967def9,P_0196,WS_007,2023-04-21T00:00:00,faculty,DEPT_003,5,3,5,1
2938ac3c-780d-4958-8931-cf377dda1e17,P_0039,WS_007,2023-04-19T00:00:00,faculty,DEPT_002,3,3,4,2
b75c630c-39b9-4904-8e11-842474cde8ba,P_0106,WS_007,2023-04-19T00:00:00,faculty,DEPT_005,5,2,4,5
46447f95-0bb1-4417-8b2e-63287c36f852,P_0188,WS_007,2023-04-19T00:00:00,staff,DEPT_008,4,4,3,3
16391c10-da44-4dde-b389-bb08f2c39a57,P_0056,WS_007,2023-04-19T00:00:00,faculty,DEPT_010,2,5,4,5
3e4d34d1-8bed-478c-8533-b38297cdb224,P_0189,WS_007,2023-04-19T00:00:00,grad_student,DEPT_001,2,1,4,3
265a4453-e1c8-4561-84ae-32ed30d96cdd,P_0026,WS_007,2023-04-21T00:00:00,grad_student,DEPT_002,4,2,3,5
9435f65e-3b94-47b1-af3c-46a68bd74198,P_0169,WS_007,2023-04-21T00:00:00,grad_student,DEPT_007,5,4,4,2
1a166931-a625-41f1-85d1-df546f14eeed,P_0032,WS_007,2023-04-20T00:00:00,faculty,DEPT_003,2,2,2,5
5227963b-7286-4903-b046-4860fc1ad61f,P_0176,WS_007,2023-04-19T00:00:00,grad_student,DEPT_008,5,3,4,5
1e7acabd-4183-4066-9e11-dee35966c7c7,P_0160,WS_007,2023-04-20T00:00:00,faculty,DEPT_007,5,3,3,2
25820728-dd37-4766-b3f9-8d9b883e262e,P_0110,WS_007,2023-04-21T00:00:00,staff,DEPT_005,5,2,3,4
38aae913-05d7-49b3-b03c-1857e6bcead6,P_0172,WS_007,2023-04-21T00:00:00,grad_student,DEPT_007,2,4,5,2
e7a8da37-13fd-4e8e-bb9b-5c51284cb45b,P_0149,WS_007,2023-04-21T00:00:00,faculty,DEPT_009,1,3,4,2
ae98a904-fb9e-4825-a822-1968c102ec02,P_0064,WS_007,2023-04-20T00:00:00,faculty,DEPT_001,2,5,3,4
18f74a88-457a-4f05-9ab1-f05082da1a7c,P_0071,WS_007,2023-04-20T00:00:00,grad_student,DEPT_002,1,3,5,5
61d07978-f5e8-4575-b26c-bed22519615f,P_0022,WS_007,2023-04-20T00:00:00,staff,DEPT_006,2,3,3,3
aa032b3c-d639-423e-837d-ad0fa69d0f66,P_0142,WS_007,2023-04-19T00:00:00,grad_student,DEPT_004,4,2,4,4
cc90ec1d-e82b-4a3f-9922-d2fbb373efd9,P_0073,WS_007,2023-04-20T00:00:00,grad_student,DEPT_003,2,3,4,4
7f7e021e-fc75-4126-a075-85b05061e31b,P_0007,WS_007,2023-04-21T00:00:00,staff,DEPT_004,4,5,3,3
77a85c55-d94c-4314-a916-fb3304e22637,P_0078,WS_007,2023-04-20T00:00:00,staff,DEPT_010,5,2,5,2
cd9d385e-3268-4bea-84b0-f462b136bdff,P_0053,WS_007,2023-04-21T00:00:00,faculty,DEPT_005,2,4,1,5
83b3a5a6-85fa-475c-89d5-9229bf046451,P_0190,WS_007,2023-04-21T00:00:00,staff,DEPT_008,5,5,4,5
bf52a02f-2d40-4469-8c53-959645f136de,P_0131,WS_007,2023-04-19T00:00:00,grad_student,DEPT_004,5,3,4,2
65c67dc8-8ddb-4d7a-8ce9-edef5a1a8277,P_0049,WS_007,2023-04-19T00:00:00,grad_student,DEPT_005,4,4,2,3
15fd225a-ea0f-4dac-a303-863dab3f8947,P_0101,WS_007,2023-04-21T00:00:00,staff,DEPT_006,5,5,3,4
d18126ef-270e-49bf-a61d-6150906e4769,P_0076,WS_007,2023-04-19T00:00:00,faculty,DEPT_008,1,4,4,5
8b182467-cd70-4edb-8d3a-1b3a55e8444c,P_0014,WS_007,2023-04-20T00:00:00,staff,DEPT_010,4,3,3,3
28e97a4c-c684-40fd-9b5e-0679fdf88b8b,P_0015,WS_008,2023-10-16T00:00:00,staff,DEPT_005,3,4,3,3
c6784a50-6b8b-4834-bf65-56edff73f43e,P_0002,WS_008,2023-10-16T00:00:00,faculty,DEPT_004,4,4,1,3
5ee59180-8a63-4fbf-8301-c0d7d5e36a2d,P_0116,WS_008,2023-10-17T00:00:00,grad_student,DEPT_005,1,2,2,2
bd5fd17a-3682-4028-85b7-45471b2c4f75,P_0071,WS_008,2023-10-16T00:00:00,grad_student,DEPT_002,4,5,2,4
e2809b5a-d797-4a54-bd79-d657d025cf51,P_0054,WS_008,2023-10-15T00:00:00,staff,DEPT_009,2,5,1,3
e57a31f0-097b-4108-8b3f-bb204d398e9e,P_0195,WS_008,2023-10-15T00:00:00,staff,DEPT_004,4,4,4,5
f07e29c0-b4ec-4cef-8eb9-096c9e07db12,P_0044,WS_008,2023-10-17T00:00:00,staff,DEPT_008,4,2,1,1
d0e92e90-8d22-409f-b0d8-e6784faf231e,P_0148,WS_008,2023-10-16T00:00:00,faculty,DEPT_009,2,3,2,4
e207399a-3db0-481d-907d-3bd839368abb,P_0041,WS_008,2023-10-15T00:00:00,staff,DEPT_001,3,3,5,3
c07c1a79-9ea0-42b2-84b8-0538ca1928e4,P_0126,WS_008,2023-10-16T00:00:00,staff,DEPT_003,3,4,4,2
4f40f7d7-4d57-47d7-880d-fe21f1d6aabf,P_0023,WS_008,2023-10-15T00:00:00,staff,DEPT_008,5,5,4,2
3951f5c0-cea6-4d51-adbf-fa665d2c84dd,P_0034,WS_008,2023-10-17T00:00:00,staff,DEPT_002,4,5,4,4
dd8a4a10-0fb8-4bf6-96b9-52425f8744e8,P_0158,WS_008,2023-10-16T00:00:00,staff,DEPT_008,3,5,4,3
e556f755-f5f0-468e-b7aa-856c7ceb9a2a,P_0112,WS_008,2023-10-16T00:00:00,grad_student,DEPT_009,3,5,3,5
b9baf511-7c38-4f77-a002-5cbbaaeeccce,P_0163,WS_008,2023-10-15T00:00:00,faculty,DEPT_007,1,2,3,4
6d87ec88-e1b5-49c4-a507-16276113f042,P_0110,WS_008,2023-10-15T00:00:00,staff,DEPT_006,2,3,5,5
9aa516e8-5183-48da-a42a-89a248ec735e,P_0104,WS_008,2023-10-15T00:00:00,staff,DEPT_002,5,4,1,5
ba65893d-6c16-4b40-9bf6-4bf00029029e,P_0185,WS_008,2023-10-16T00:00:00,faculty,DEPT_009,1,3,3,5
f6916b06-0bb1-4473-8675-23d4734c0190,P_0123,WS_008,2023-10-17T00:00:00,grad_student,DEPT_009,4,3,5,2
5def2ab5-c7d1-4ca3-b90d-8db34a08dfcc,P_0099,WS_008,2023-10-15T00:00:00,grad_student,DEPT_005,5,3,3,3
ed88963f-1c45-4bae-8530-fc7846e1ab72,P_0199,WS_008,2023-10-16T00:00:00,staff,DEPT_002,2,4,2,4
bb757450-ed5f-48c8-b5f8-0754b68c0f2a,P_0010,WS_008,2023-10-15T00:00:00,faculty,DEPT_007,3,5,4,4
a0cf1a32-b564-46ce-8077-9aebbfc6009c,P_0137,WS_008,2023-10-16T00:00:00,grad_student,DEPT_007,5,4,4,3
6f8bcf6a-5336-4fbe-a2c0-093ce26b49a9,P_0052,WS_008,2023-10-16T00:00:00,staff,DEPT_009,5,2,3,5
27fe1788-cfb2-4c06-a25c-ee2fc3d219b0,P_0096,WS_008,2023-10-17T00:00:00,grad_student,DEPT_010,5,4,4,3
2f53a848-f0b8-4483-b0cd-96a3d9e41cf5,P_0004,WS_008,2023-10-16T00:00:00,grad_student,DEPT_003,4,5,3,5
26c7be89-9ef4-4d67-bdec-db6fbc1ae18a,P_0083,WS_008,2023-10-16T00:00:00,grad_student,DEPT_007,3,4,3,1
2bf5103b-e084-40dc-914d-ce073f684c39,P_0136,WS_008,2023-10-17T00:00:00,staff,DEPT_004,3,3,5,2
b786ff1d-40d8-4641-ae20-48e51fcb619f,P_0049,WS_008,2023-10-17T00:00:00,staff,DEPT_006,2,4,5,2
2878faee-ff60-42bc-9cb6-a5f1dd3f11b1,P_0005,WS_008,2023-10-15T00:00:00,staff,DEPT_007,5,4,1,3
258fc067-ee0b-43a3-829a-141e27e5c3cb,P_0180,WS_008,2023-10-17T00:00:00,grad_student,DEPT_006,2,2,3,5
996c9695-51bb-4cd6-a74f-760fb2bb0b05,P_0161,WS_008,2023-10-16T00:00:00,faculty,DEPT_009,4,1,5,4
b88e6f91-9470-459d-ac31-285e539ca610,P_0064,WS_008,2023-10-17T00:00:00,staff,DEPT_001,4,4,3,4
f1bfdb8c-801a-4445-b1f1-adb53c20f995,P_0058,WS_008,2023-10-17T00:00:00,staff,DEPT_005,3,3,3,3
45b9a0dd-463f-4ccf-9224-2067cb8caa7e,P_0089,WS_008,2023-10-17T00:00:00,grad_student,DEPT_009,5,2,4,3
0fbd4b42-a55d-4be6-8c65-996d4ed916b8,P_0080,WS_008,2023-10-15T00:00:00,grad_student,DEPT_004,5,3,3,3
60645af9-6064-46f7-a81c-cbf5bffbc5a2,P_0189,WS_008,2023-10-17T00:00:00,grad_student,DEPT_001,5,5,1,5
f2839b3e-8f84-4cee-bb0f-a44446b32bc8,P_0027,WS_008,2023-10-16T00:00:00,grad_student,DEPT_006,5,4,1,3
cdebad70-f64d-4bdc-9987-727dc5dd877d,P_0181,WS_008,2023-10-15T00:00:00,grad_student,DEPT_009,1,3,4,4
5b037aae-d3b5-4122-8aea-f1660b50b380,P_0129,WS_008,2023-10-15T00:00:00,grad_student,DEPT_007,1,2,1,4
badd7898-b507-4e12-9e1e-8303495a7515,P_0151,WS_008,2023-10-16T00:00:00,grad_student,DEPT_005,3,3,4,5
e773b21e-68bf-4dbf-90c2-75f33918d93e,P_0079,WS_008,2023-10-16T00:00:00,staff,DEPT_001,3,1,2,3
f0e82427-37f0-4628-b2d6-38334eec5fb8,P_0043,WS_008,2023-10-17T00:00:00,grad_student,DEPT_005,1,4,4,5
335465cf-7ccc-4461-bd6f-0eedd90f5168,P_0017,WS_008,2023-10-15T00:00:00,faculty,DEPT_004,5,5,2,3
1263c4d3-9c35-4b9f-b49e-02365e8008a9,P_0012,WS_008,2023-10-15T00:00:00,faculty,DEPT_001,5,3,5,2
d1dd5251-dab6-4557-a1cc-c729994c1ca1,P_0077,WS_008,2023-10-17T00:00:00,faculty,DEPT_003,4,3,4,2
8178dc5a-0815-4216-9223-075ff3ecf29e,P_0166,WS_009,2023-09-20T00:00:00,faculty,DEPT_006,4,5,4,4
e373ad43-4691-41be-a175-07963042cb38,P_0141,WS_009,2023-09-18T00:00:00,staff,DEPT_008,4,4,3,2
f9f15132-b4c4-4b32-bd19-26335532db3a,P_0019,WS_009,2023-09-20T00:00:00,grad_student,DEPT_005,2,3,1,1
3c3a3668-6ac0-4d03-b846-aab7bb7c3f82,P_0075,WS_009,2023-09-20T00:00:00,staff,DEPT_009,5,3,3,5
150b659f-9876-48d1-b59a-e62a42694a43,P_0172,WS_009,2023-09-20T00:00:00,grad_student,DEPT_009,3,4,5,1
b7313982-df90-4668-ab5b-847c0353ce3e,P_0018,WS_009,2023-09-18T00:00:00,faculty,DEPT_008,3,2,4,4
49162cc1-c8f8-4112-82ed-eebf2f1244eb,P_0065,WS_009,2023-09-19T00:00:00,faculty,DEPT_006,1,2,5,5
ed21f676-9b8e-4007-8134-3a510330ef47,P_0026,WS_009,2023-09-19T00:00:00,grad_student,DEPT_002,5,5,2,5
1108bc51-e104-4b4d-8139-2ca5cde824fb,P_0051,WS_009,2023-09-19T00:00:00,staff,DEPT_005,4,4,5,3
10e170ae-2778-48a9-84d7-200f956ea396,P_0186,WS_009,2023-09-18T00:00:00,faculty,DEPT_008,2,2,5,4
31e6729e-5b9f-4405-8420-718a7b4288cf,P_0149,WS_009,2023-09-20T00:00:00,grad_student,DEPT_002,3,5,3,3
6f093f0b-88e0-454b-a2ad-ead220f5c600,P_0125,WS_009,2023-09-20T00:00:00,grad_student,DEPT_003,5,1,2,3
524a3f50-d094-4f4e-bca1-f0c89afce65f,P_0085,WS_009,2023-09-20T00:00:00,faculty,DEPT_009,3,3,4,5
ab096513-9da3-41ee-8db2-0b6d79e045a1,P_0092,WS_009,2023-09-19T00:00:00,grad_student,DEPT_001,4,1,2,5
ca95c83e-bcda-42bd-9f4b-c2f50a58f2f9,P_0033,WS_009,2023-09-20T00:00:00,faculty,DEPT_010,4,3,2,4
019d90af-7587-4bf0-ac2f-dc3d78831767,P_0196,WS_009,2023-09-20T00:00:00,faculty,DEPT_007,1,1,3,5
3f6686e2-4512-47b8-8466-f249846e607b,P_0168,WS_009,2023-09-20T00:00:00,faculty,DEPT_010,1,3,5,3
43c4d980-e829-4b0c-a2c4-2f3eb6c60027,P_0061,WS_009,2023-09-19T00:00:00,staff,DEPT_009,4,3,5,4
31e507c2-36a7-45af-99af-c2d0c61bfd20,P_0193,WS_009,2023-09-18T00:00:00,faculty,DEPT_010,5,4,5,5
7f2082fc-c8c3-4a4a-a992-f1e10d5ab7f4,P_0073,WS_009,2023-09-20T00:00:00,faculty,DEPT_005,1,3,2,2
f0b9475d-ca6e-42d2-b31b-24cef4cf3d24,P_0159,WS_009,2023-09-19T00:00:00,faculty,DEPT_006,4,5,5,4
24f6823d-20f7-446f-b162-c2481675c6bb,P_0195,WS_009,2023-09-20T00:00:00,faculty,DEPT_007,5,5,3,5
5d40c757-c958-4bcd-8189-a91d4cb8f395,P_0050,WS_009,2023-09-20T00:00:00,grad_student,DEPT_006,4,2,1,4
54253c41-2c7f-4c41-860d-ea236dea55d2,P_0082,WS_009,2023-09-18T00:00:00,staff,DEPT_007,2,4,5,1
53fdaabe-91c8-4ca8-b1b8-45950e22156b,P_0189,WS_009,2023-09-19T00:00:00,staff,DEPT_002,4,5,3,2
50307294-fe8f-44e5-8b61-e0500afe87b7,P_0116,WS_009,2023-09-20T00:00:00,faculty,DEPT_010,4,5,4,1
d93a150d-6ddc-457e-9179-12eb076fbc28,P_0188,WS_009,2023-09-20T00:00:00,grad_student,DEPT_010,2,2,1,4
647fa74a-0be0-46f6-bf33-283bcfa5d785,P_0158,WS_009,2023-09-18T00:00:00,staff,DEPT_007,5,5,4,3
7b754d04-6142-41be-b213-a0cc3a4f055d,P_0169,WS_009,2023-09-19T00:00:00,staff,DEPT_010,5,3,3,2
edb247b1-3e08-43d9-9304-84a1ca33650b,P_0079,WS_009,2023-09-20T00:00:00,grad_student,DEPT_007,2,3,5,4
6e0a34dc-0122-4529-9e0c-509afcfc8498,P_0150,WS_009,2023-09-20T00:00:00,staff,DEPT_008,4,3,3,5
dafb3ecd-f7a1-424b-93ff-cec969939552,P_0040,WS_009,2023-09-20T00:00:00,staff,DEPT_002,4,2,5,5
f97a7e92-edf7-427b-a3ea-3544fa47f675,P_0145,WS_009,2023-09-18T00:00:00,staff,DEPT_004,2,5,4,1
11ad43c0-a205-4674-96c3-98949dfdb5ec,P_0146,WS_009,2023-09-20T00:00:00,staff,DEPT_010,2,3,4,2
39f277eb-478c-40c6-b8bd-f101079919e6,P_0094,WS_009,2023-09-20T00:00:00,faculty,DEPT_004,5,3,3,1
8e56b46f-ffd7-4c4d-a3c2-6001a3f8cb71,P_0081,WS_009,2023-09-19T00:00:00,faculty,DEPT_009,5,3,5,5
278253d8-04e3-461c-ad23-93da5cd95908,P_0110,WS_009,2023-09-18T00:00:00,faculty,DEPT_007,4,2,5,5
cda588a4-d00e-4d19-85ea-38e490eb5d00,P_0044,WS_009,2023-09-20T00:00:00,staff,DEPT_003,1,5,5,1
640d0ae2-cb3e-4abf-993a-1c55ca0f83f7,P_0002,WS_009,2023-09-19T00:00:00,staff,DEPT_006,5,3,4,2
b2272667-627d-4e62-b200-fca2e96fa7ca,P_0128,WS_010,2023-11-03T00:00:00,grad_student,DEPT_010,3,1,3,4
84ecf9b9-8795-4530-bc8a-94817978376f,P_0109,WS_010,2023-11-04T00:00:00,staff,DEPT_003,3,4,5,5
a2621568-1e3e-4bb8-963d-78aa01473e54,P_0054,WS_010,2023-11-02T00:00:00,staff,DEPT_008,3,2,5,3
87f3d7c0-4b68-408a-b0cf-8e8b0b4af3db,P_0108,WS_010,2023-11-04T00:00:00,staff,DEPT_002,4,4,3,4
a76049de-4539-48a8-a3b4-6757d829b68a,P_0180,WS_010,2023-11-04T00:00:00,staff,DEPT_002,4,3,5,4
92aac45f-cc47-4a01-8caf-e3c6f221fab8,P_0193,WS_010,2023-11-03T00:00:00,staff,DEPT_002,5,5,4,3
110101cc-1ca3-4e0a-8af9-e84cf3c1b960,P_0096,WS_010,2023-11-04T00:00:00,faculty,DEPT_002,3,5,3,5
2c831e2e-db13-45d3-a980-1035db7ac5be,P_0094,WS_010,2023-11-02T00:00:00,staff,DEPT_007,4,3,5,4
a93b6fb7-ea39-43b8-99ad-ad50423403e4,P_0103,WS_010,2023-11-02T00:00:00,grad_student,DEPT_005,1,3,4,4
e1a5650d-367d-4b77-8b34-3e5b3e7497a4,P_0072,WS_010,2023-11-04T00:00:00,staff,DEPT_001,2,2,3,2
b81759bd-37b3-441e-8eb1-116e6fe90142,P_0116,WS_010,2023-11-04T00:00:00,staff,DEPT_005,3,3,3,2
01b5564b-d73a-48f4-9a2e-9427758997ad,P_0047,WS_010,2023-11-03T00:00:00,staff,DEPT_009,5,4,4,5
3fd9dca8-929d-4049-a92b-a0a200717ab0,P_0147,WS_010,2023-11-03T00:00:00,staff,DEPT_005,5,3,1,5
452fcf91-36c0-496c-9118-6db437824c97,P_0034,WS_010,2023-11-02T00:00:00,faculty,DEPT_001,4,4,4,5
6acc4029-33bc-498b-8788-0e60ea0cf49d,P_0003,WS_011,2023-01-08T00:00:00,staff,DEPT_007,4,5,3,5
1bb711cc-4db0-4cf2-b7e6-93c6855e6991,P_0197,WS_011,2023-01-06T00:00:00,grad_student,DEPT_005,4,4,4,2
2f107b8d-f565-49f5-b3cd-5fd516a3451a,P_0111,WS_011,2023-01-06T00:00:00,staff,DEPT_010,3,5,2,3
7613fa86-321b-4790-ba3c-ff5ff7c18953,P_0075,WS_011,2023-01-06T00:00:00,staff,DEPT_002,3,2,5,1
c5c7bbf5-3ac4-4a3f-9a05-5169e61b60ed,P_0153,WS_011,2023-01-07T00:00:00,staff,DEPT_006,3,4,3,5
cf00457c-c145-4193-a5e1-2dbe0df9affc,P_0060,WS_011,2023-01-06T00:00:00,faculty,DEPT_007,4,4,2,4
16520c0f-5053-4fb8-80d4-69f18bdd2fb0,P_0002,WS_011,2023-01-08T00:00:00,faculty,DEPT_008,1,3,5,3
c8fc62c8-a465-4f95-b802-8df4aac0dac5,P_0141,WS_011,2023-01-08T00:00:00,staff,DEPT_005,3,1,2,3
28bb31c4-ac28-414e-89ce-734e5c345d2b,P_0096,WS_011,2023-01-07T00:00:00,faculty,DEPT_004,4,4,4,1
44e0b2a3-a53c-4d67-b1c5-a9a18ab3fac8,P_0049,WS_011,2023-01-06T00:00:00,faculty,DEPT_001,5,2,5,3
b42181b0-7b6c-4dc0-b638-41569e9ddcb4,P_0106,WS_011,2023-01-06T00:00:00,grad_student,DEPT_006,1,2,3,3
6e065c92-6fa6-4007-ab95-8b84afe18b8d,P_0144,WS_011,2023-01-07T00:00:00,grad_student,DEPT_009,5,4,3,1
845a9f53-3266-4b8c-964c-ff38b759ad11,P_0112,WS_011,2023-01-06T00:00:00,grad_student,DEPT_008,5,4,5,4
3a3ca521-0d07-484b-adef-2f773b53b11a,P_0102,WS_011,2023-01-07T00:00:00,staff,DEPT_008,4,2,3,4
82cbd7ca-7996-4334-97ee-f18004407132,P_0064,WS_011,2023-01-08T00:00:00,staff,DEPT_009,2,3,5,3
47bd86ca-7a35-41ae-81ef-8f2edfc6ec65,P_0042,WS_011,2023-01-08T00:00:00,grad_student,DEPT_004,5,2,3,5
71ac8d5a-81b1-4f2f-9424-18a63d88970b,P_0184,WS_011,2023-01-07T00:00:00,faculty,DEPT_002,2,2,1,4
32624e62-c03f-4af2-911a-e33a00ff02dc,P_0189,WS_011,2023-01-08T00:00:00,grad_student,DEPT_007,5,3,1,3
966880bb-9c44-474b-b347-55938c6eed4a,P_0168,WS_012,2023-08-11T00:00:00,faculty,DEPT_002,3,3,2,5
3a6319f8-da64-4563-a5c7-82016ea489ac,P_0126,WS_012,2023-08-11T00:00:00,grad_student,DEPT_003,4,1,5,5
927cde6d-a35b-4de3-93de-0e648122b7cb,P_0021,WS_012,2023-08-12T00:00:00,staff,DEPT_009,3,5,5,4
b84d5a81-0c81-41f8-add8-30ab97c0a58a,P_0120,WS_012,2023-08-12T00:00:00,grad_student,DEPT_006,3,3,4,5
6adf6470-ec32-4db8-a9e6-64aad7afc671,P_0164,WS_012,2023-08-11T00:00:00,staff,DEPT_001,1,3,3,3
93544b70-e0b5-42cc-a15a-8acd7c5fe450,P_0016,WS_012,2023-08-11T00:00:00,grad_student,DEPT_005,2,2,2,5
538e0be8-245c-41a1-8d74-091654e01c3b,P_0093,WS_012,2023-08-11T00:00:00,faculty,DEPT_004,5,3,3,5
790b180d-c688-4ea1-a5f3-0d40172fe4c4,P_0143,WS_012,2023-08-12T00:00:00,faculty,DEPT_008,4,1,4,2
4a1814b1-1eca-49ca-b67f-08e95c1707ea,P_0191,WS_012,2023-08-12T00:00:00,staff,DEPT_007,3,2,2,5
474eb911-d15d-47b2-97c3-da71053a4739,P_0107,WS_012,2023-08-12T00:00:00,faculty,DEPT_010,5,4,4,1
5f3c4e64-4513-46f6-aaf1-7d8d946a1a37,P_0095,WS_012,2023-08-11T00:00:00,staff,DEPT_004,4,5,4,2
602eb944-892d-44ec-9d65-53908050a39f,P_0182,WS_012,2023-08-11T00:00:00,staff,DEPT_009,4,3,4,5
7e4a52a2-f0c0-4b88-b3f7-2a5071013299,P_0015,WS_012,2023-08-12T00:00:00,grad_student,DEPT_007,3,4,4,1
c5f670b2-bc7a-425d-9d40-06dba9309f53,P_0158,WS_012,2023-08-12T00:00:00,grad_student,DEPT_002,5,5,5,3
d19b5b41-9ffe-452a-a87e-b803499374d7,P_0069,WS_012,2023-08-11T00:00:00,faculty,DEPT_005,3,5,3,4
3dba07bf-4fff-4fd3-b6f1-3847d7772b3c,P_0136,WS_012,2023-08-12T00:00:00,faculty,DEPT_002,3,2,3,4
f4d12ff2-6301-414c-a592-af7eb25bb381,P_0011,WS_012,2023-08-13T00:00:00,faculty,DEPT_008,4,4,3,4
aebdf8f2-64d3-4725-bacf-ca68137608ad,P_0188,WS_012,2023-08-11T00:00:00,grad_student,DEPT_003,2,4,3,5
44bff520-8dc9-4ec7-9841-04564a21ba4c,P_0019,WS_012,2023-08-13T00:00:00,faculty,DEPT_005,5,2,1,4
22c00604-8dcb-42a2-8039-95183d6411b7,P_0078,WS_012,2023-08-12T00:00:00,grad_student,DEPT_005,5,4,4,1
1ec02061-6f75-46cc-a2c1-336d85460ffb,P_0051,WS_013,2023-11-18T00:00:00,grad_student,DEPT_010,4,5,3,4
e090c35e-0f77-40a8-8d09-93769a02d63f,P_0129,WS_013,2023-11-17T00:00:00,faculty,DEPT_003,3,2,4,5
7def348e-c595-4cb5-a693-b06daeb4a0bd,P_0118,WS_013,2023-11-19T00:00:00,staff,DEPT_003,1,2,3,4
165698c9-ac57-47d3-8e27-e095735d943e,P_0144,WS_013,2023-11-17T00:00:00,staff,DEPT_005,3,4,4,2
fe91fda3-c4a6-4e43-a01c-4b7b34522ffb,P_0183,WS_013,2023-11-17T00:00:00,grad_student,DEPT_010,4,3,2,3
3b754c31-673c-4bfb-9b9c-0a174ed866a3,P_0006,WS_013,2023-11-17T00:00:00,staff,DEPT_010,3,2,4,4
574a7622-cb31-48cd-9dd9-8e3a960c7b5e,P_0011,WS_013,2023-11-17T00:00:00,faculty,DEPT_007,3,5,4,3
1cecdd5f-a260-4579-be15-228dbb0dc4e6,P_0064,WS_013,2023-11-19T00:00:00,staff,DEPT_006,3,5,5,2
0fdb4841-7f06-4dd3-b235-1ef22d478dec,P_0136,WS_013,2023-11-17T00:00:00,grad_student,DEPT_010,3,3,5,5
1c95c1f3-58c2-4899-8414-9b2a7209d512,P_0079,WS_013,2023-11-18T00:00:00,grad_student,DEPT_001,5,2,3,3
35d86892-9b36-484b-a778-ad4d28338118,P_0086,WS_013,2023-11-19T00:00:00,staff,DEPT_007,3,2,4,5
63544a96-edfd-4b5c-b9e8-7eb343edced6,P_0126,WS_013,2023-11-17T00:00:00,faculty,DEPT_009,5,5,5,4
9c3c191a-587f-41ea-be31-76d47c790692,P_0101,WS_013,2023-11-17T00:00:00,faculty,DEPT_008,5,4,4,2
fffdf499-dd69-4daa-89fb-4486ca6a6a5d,P_0041,WS_013,2023-11-17T00:00:00,grad_student,DEPT_002,5,4,5,4
d9cebec2-4171-4d01-9580-daba8f9eb538,P_0005,WS_013,2023-11-19T00:00:00,faculty,DEPT_003,3,2,5,3
9b93d577-d1e2-45ea-8fb8-935f88655fc0,P_0089,WS_013,2023-11-18T00:00:00,faculty,DEPT_002,3,3,3,3
c61bf5db-6ab5-4ea5-89b7-8e5e68190531,P_0176,WS_013,2023-11-17T00:00:00,faculty,DEPT_008,4,5,4,4
088f6d76-2385-4319-888c-6a69841eb8b3,P_0091,WS_013,2023-11-19T00:00:00,staff,DEPT_009,3,1,2,2
c3177e14-37a6-4245-8fa6-be8af26b7d64,P_0196,WS_013,2023-11-18T00:00:00,grad_student,DEPT_010,3,3,3,2
8520128a-87f1-4d2c-afa5-7bdd48ff2a9d,P_0161,WS_013,2023-11-18T00:00:00,grad_student,DEPT_010,3,5,4,1
f7c4f7c5-53bb-4608-8b19-f8d29261b9c7,P_0078,WS_013,2023-11-19T00:00:00,grad_student,DEPT_007,2,4,5,3
d8b22efe-70ce-4058-bf44-7958e001c790,P_0061,WS_013,2023-11-19T00:00:00,faculty,DEPT_009,4,3,3,2
230a6569-cb92-4501-8cba-a6fa00865326,P_0199,WS_013,2023-11-19T00:00:00,grad_student,DEPT_007,4,5,5,4
2ac3e559-82f5-4945-9f42-1fc3f83f5309,P_0071,WS_013,2023-11-17T00:00:00,staff,DEPT_008,2,3,5,2
b5f13e2f-d01d-4b4a-b0de-bfc7c0b402c5,P_0016,WS_013,2023-11-19T00:00:00,grad_student,DEPT_004,5,4,1,5
fa2a76ad-b5df-4081-96ce-d2960e553380,P_0181,WS_013,2023-11-19T00:00:00,grad_student,DEPT_004,5,4,1,3
ae26be3d-da68-4c76-928c-9084a059fa67,P_0066,WS_013,2023-11-18T00:00:00,staff,DEPT_006,5,2,3,2
1a9ef727-3d44-4a6a-b13b-9bd084c29cda,P_0100,WS_013,2023-11-19T00:00:00,staff,DEPT_003,2,5,4,5
65419733-1929-4488-9535-29e0f8d4e40d,P_0008,WS_013,2023-11-17T00:00:00,grad_student,DEPT_006,2,2,4,4
9ffb34e0-9399-4207-acb8-f00761eb4739,P_0143,WS_013,2023-11-19T00:00:00,faculty,DEPT_009,4,3,2,3
00c1e8fa-ac1f-4c33-b0c7-dc105f3d2869,P_0072,WS_013,2023-11-18T00:00:00,faculty,DEPT_008,3,4,4,2
8a6c0c2f-a564-400a-bf0d-360926cb5290,P_0058,WS_013,2023-11-18T00:00:00,faculty,DEPT_004,5,3,5,3
bcc99813-378c-4201-8d97-340d604dd317,P_0039,WS_013,2023-11-18T00:00:00,faculty,DEPT_006,3,4,2,1
18a0e55e-4ad1-4862-82d9-37dd412a8fd4,P_0088,WS_013,2023-11-19T00:00:00,faculty,DEPT_005,3,5,5,1
0f580855-cfe3-4fdd-8651-3e74af7e0719,P_0188,WS_013,2023-11-18T00:00:00,staff,DEPT_010,4,4,3,4
4b376eeb-2ae8-4a89-a3e2-189c7bf8cd40,P_0036,WS_013,2023-11-19T00:00:00,staff,DEPT_002,4,4,3,1
d9808325-6777-4660-a502-5dbd42b7d376,P_0023,WS_013,2023-11-17T00:00:00,staff,DEPT_009,3,3,3,5
a011010a-56b8-40e5-965c-af4fc271c0d0,P_0098,WS_013,2023-11-19T00:00:00,grad_student,DEPT_006,4,1,3,1
d4933c9f-ccdb-49f7-8173-e40217c8f253,P_0134,WS_013,2023-11-18T00:00:00,staff,DEPT_002,4,4,5,5
58c5276a-76d5-4a60-bb36-5a63e1273f46,P_0021,WS_014,2023-10-05T00:00:00,staff,DEPT_008,2,4,4,4
1bbfcfd1-3789-467a-bb53-954a8e21929f,P_0194,WS_014,2023-10-05T00:00:00,staff,DEPT_006,5,2,1,5
6c48cccd-a468-4ccf-ae14-6915b0dad160,P_0196,WS_014,2023-10-06T00:00:00,grad_student,DEPT_006,4,1,5,3
6b6428e8-a334-4a53-9e59-6c265ae8e010,P_0120,WS_014,2023-10-05T00:00:00,staff,DEPT_008,4,3,2,4
459eb33d-959a-4a7f-979f-b6d62500acdd,P_0146,WS_014,2023-10-06T00:00:00,staff,DEPT_010,5,5,3,2
827f22b1-d87a-4b6d-96a7-8aac30a7144f,P_0034,WS_014,2023-10-05T00:00:00,grad_student,DEPT_010,5,3,3,4
de036408-8e86-48fe-8e23-bd217cc20175,P_0024,WS_014,2023-10-04T00:00:00,staff,DEPT_010,5,5,1,1
5bfc850d-4157-46fe-a535-8e6cf6762bd9,P_0179,WS_014,2023-10-06T00:00:00,staff,DEPT_003,4,5,5,4
87770027-1806-445c-bfb7-8bf35eb5a648,P_0025,WS_014,2023-10-05T00:00:00,staff,DEPT_005,3,2,3,4
4df3a4ea-f6a0-4d86-baaa-c245cb067f3e,P_0117,WS_014,2023-10-05T00:00:00,grad_student,DEPT_001,5,3,4,3
e62cb938-40a0-443f-9021-a79fcd566b2b,P_0080,WS_014,2023-10-04T00:00:00,grad_student,DEPT_006,5,4,5,4
3c0e3ba2-0613-44e1-ad60-cf006176c049,P_0176,WS_014,2023-10-06T00:00:00,grad_student,DEPT_004,4,3,4,2
03b58eaf-b04f-4278-912b-f915c87b456b,P_0165,WS_014,2023-10-06T00:00:00,faculty,DEPT_001,5,5,4,3
24be2e85-e30f-49f9-8bf5-62c0041bc1c6,P_0182,WS_014,2023-10-05T00:00:00,grad_student,DEPT_007,2,4,5,5
19add5c6-1174-46bc-b5f5-097c3260fcd2,P_0197,WS_014,2023-10-06T00:00:00,grad_student,DEPT_001,5,2,3,5
fd5f58e4-0df5-495c-a746-e5696dd70bb5,P_0124,WS_015,2023-05-05T00:00:00,staff,DEPT_005,3,3,4,5
20e49e39-2a9c-44c8-9052-2a6bac938707,P_0181,WS_015,2023-05-04T00:00:00,faculty,DEPT_010,5,3,5,5
30bf07dc-0cca-4b56-8c0c-5b566bde03fb,P_0095,WS_015,2023-05-04T00:00:00,staff,DEPT_006,3,4,2,5
59b5abdf-8813-4057-895d-9d59c2bfee33,P_0029,WS_015,2023-05-03T00:00:00,grad_student,DEPT_003,1,5,1,4
9266026e-b67f-4ade-8fde-cf9460ebde52,P_0149,WS_015,2023-05-05T00:00:00,faculty,DEPT_005,3,5,5,1
27be2d09-b116-4d22-bfd0-261b53e5ef1d,P_0177,WS_015,2023-05-05T00:00:00,staff,DEPT_008,2,4,2,4
bc9333bd-a963-4223-a969-6ed800366d87,P_0021,WS_015,2023-05-05T00:00:00,faculty,DEPT_010,5,4,4,4
a088277f-a785-4fd6-b011-ae3940463d2c,P_0037,WS_015,2023-05-04T00:00:00,faculty,DEPT_006,4,2,2,4
5ad8e671-5be9-4933-be21-91808ee5397d,P_0187,WS_015,2023-05-05T00:00:00,faculty,DEPT_009,5,4,5,4
5824ad10-9607-4cbb-aca1-234983dcf92c,P_0188,WS_015,2023-05-05T00:00:00,grad_student,DEPT_007,5,2,2,4
aeeb263c-87bf-4fda-9e85-5b81ded4db61,P_0135,WS_015,2023-05-03T00:00:00,faculty,DEPT_005,5,5,5,4
c7fd7c56-1c98-40d4-a169-5427074fe718,P_0193,WS_015,2023-05-03T00:00:00,staff,DEPT_003,3,1,3,2
e3d31575-6410-4c50-ac24-034f95ee4782,P_0200,WS_015,2023-05-05T00:00:00,faculty,DEPT_006,3,3,4,3
104d2873-7a6d-44b5-9ba5-dd93807c2c2e,P_0056,WS_016,2023-03-06T00:00:00,faculty,DEPT_003,4,2,4,5
d543c715-48e9-497d-9f6d-909dd9a8f31f,P_0154,WS_016,2023-03-06T00:00:00,staff,DEPT_002,4,5,2,5
356c2714-8add-4fa6-a8ee-1e3b887a6fe6,P_0164,WS_016,2023-03-08T00:00:00,staff,DEPT_002,5,2,2,1
56372f6d-227c-44a2-8c33-61ce587faf27,P_0032,WS_016,2023-03-08T00:00:00,faculty,DEPT_008,2,2,5,3
cfb0b1ac-215e-47c5-beb2-6bd8e903fdf4,P_0182,WS_016,2023-03-08T00:00:00,grad_student,DEPT_009,4,4,5,5
caeb6f0e-3234-40ee-9a26-749fd5366a57,P_0031,WS_016,2023-03-08T00:00:00,faculty,DEPT_008,5,3,4,5
d5ef4742-96ae-4ddd-ba2b-0b5f5731c424,P_0023,WS_016,2023-03-06T00:00:00,faculty,DEPT_006,5,5,2,3
73c89af9-dd73-46df-8229-e5893e344a9b,P_0155,WS_016,2023-03-06T00:00:00,faculty,DEPT_007,3,4,1,5
e75bd7de-f16d-4d24-ad4f-8fce2355d81a,P_0034,WS_016,2023-03-08T00:00:00,faculty,DEPT_010,5,4,1,4
074c10e1-6919-48f9-9d61-c1c7f8d42c16,P_0097,WS_016,2023-03-07T00:00:00,staff,DEPT_001,3,5,1,4
8991540e-676b-4593-b8f7-cc06bb93f969,P_0169,WS_016,2023-03-07T00:00:00,faculty,DEPT_010,3,1,2,5
b3a68b92-95d5-4f25-ac9f-aa51c3a8d7a7,P_0166,WS_016,2023-03-08T00:00:00,faculty,DEPT_003,2,3,3,1
07f16b00-bb67-479f-9afc-0aabd5029e5e,P_0145,WS_016,2023-03-08T00:00:00,staff,DEPT_002,4,2,3,4
423b2ebf-0d41-4126-83f5-3ea059dce358,P_0048,WS_016,2023-03-06T00:00:00,grad_student,DEPT_010,3,3,2,2
4f697a5c-d83a-46e8-9de1-ec12e90d13c2,P_0029,WS_016,2023-03-08T00:00:00,staff,DEPT_003,2,3,2,5
8f8b20ca-3623-4d69-834e-db475e655392,P_0179,WS_016,2023-03-06T00:00:00,staff,DEPT_010,2,1,5,3
80545211-9a85-42e4-a72b-f245705a0dd3,P_0187,WS_016,2023-03-08T00:00:00,staff,DEPT_010,5,5,3,3
373c8e9a-2e41-41ca-b04f-15756a2e0052,P_0065,WS_016,2023-03-07T00:00:00,faculty,DEPT_004,2,2,5,1
72faccbe-6bdc-4637-b7c8-ecaa67cb8290,P_0076,WS_016,2023-03-07T00:00:00,faculty,DEPT_004,1,3,2,4
a1ffe3cb-27ff-4167-b7f4-032d662e6fc4,P_0120,WS_016,2023-03-07T00:00:00,staff,DEPT_008,2,3,2,2
3ba6ca60-465e-4c8f-9d89-b159b5f31628,P_0170,WS_016,2023-03-06T00:00:00,staff,DEPT_010,2,3,1,2
c5bb9143-3670-45df-8d67-8cf87b295b92,P_0020,WS_016,2023-03-06T00:00:00,grad_student,DEPT_004,4,4,4,2
51f8701c-7d1d-40ac-a2dd-87c2d0e97192,P_0198,WS_016,2023-03-07T00:00:00,grad_student,DEPT_004,5,3,4,3
a6461447-b1fb-4cdc-84e1-c93877fd4af1,P_0117,WS_016,2023-03-07T00:00:00,faculty,DEPT_003,5,2,5,4
2858d734-7cd5-485c-8435-936932a8e274,P_0071,WS_016,2023-03-06T00:00:00,faculty,DEPT_005,3,3,2,2
46a1f379-0ed0-4576-a2d1-15623141b112,P_0110,WS_016,2023-03-08T00:00:00,staff,DEPT_003,2,3,3,4
8b483462-88a5-42a1-a659-f0ecb741ad10,P_0171,WS_016,2023-03-08T00:00:00,faculty,DEPT_008,4,4,4,2
738fe34e-1c16-47ec-bab9-0062f52d749d,P_0083,WS_016,2023-03-07T00:00:00,faculty,DEPT_010,4,3,4,2
e5e047cf-5784-47d2-92bb-0999cec76c53,P_0066,WS_016,2023-03-06T00:00:00,staff,DEPT_009,5,1,5,5
035088c3-7ddf-450f-9f2d-93e4d3d97498,P_0105,WS_017,2023-04-21T00:00:00,staff,DEPT_003,4,2,2,5
63a64371-9a8d-436a-947a-dcc566b8c9d5,P_0056,WS_017,2023-04-21T00:00:00,grad_student,DEPT_010,3,1,3,2
8266a2fc-d875-483d-8cb6-3ef3e18a7fe0,P_0034,WS_017,2023-04-21T00:00:00,staff,DEPT_006,1,5,5,2
11741443-f5f8-4c01-9f8f-20df2e549917,P_0092,WS_017,2023-04-20T00:00:00,staff,DEPT_003,3,2,5,4
cd8fa926-c3ea-4bca-b6f9-2d6491a8b79b,P_0076,WS_017,2023-04-20T00:00:00,staff,DEPT_007,3,3,3,4
7d9e5b2b-9c0b-4b69-b078-348d6e9dbdf5,P_0062,WS_017,2023-04-20T00:00:00,grad_student,DEPT_009,3,4,4,1
00ca4943-910b-4748-b6fe-2abda3a81583,P_0166,WS_017,2023-04-20T00:00:00,faculty,DEPT_005,1,2,5,3
8141a245-f5f9-4ce4-9a1a-cedda7086c47,P_0024,WS_017,2023-04-20T00:00:00,staff,DEPT_001,5,4,4,4
5133d76a-1485-4582-99ea-ebb86e8ef3c6,P_0005,WS_017,2023-04-20T00:00:00,faculty,DEPT_004,3,4,4,5
7d36ae96-c46e-4a99-9ef9-cf0f98d57732,P_0123,WS_017,2023-04-19T00:00:00,grad_student,DEPT_010,5,4,4,3
2ce32f67-dc15-4f0f-b556-1a627d7e59a8,P_0172,WS_017,2023-04-21T00:00:00,faculty,DEPT_005,2,5,5,5
01bd1c38-d300-4fab-bb2a-f5f280964843,P_0079,WS_017,2023-04-20T00:00:00,faculty,DEPT_003,4,2,3,2
f7b392af-1418-42f6-bc26-d936bc0cfb40,P_0042,WS_017,2023-04-20T00:00:00,faculty,DEPT_006,3,3,3,5
79234a0e-4fa1-4625-9bed-ad183038a82f,P_0181,WS_017,2023-04-20T00:00:00,faculty,DEPT_005,1,4,5,4
d1f08020-124b-4030-9545-7b9a042d76b3,P_0118,WS_017,2023-04-21T00:00:00,staff,DEPT_009,4,5,5,2
92fe4fde-4bd4-4487-83ec-9a9753d23667,P_0147,WS_017,2023-04-21T00:00:00,faculty,DEPT_008,2,2,4,1
9082accf-343c-4b1d-b5d3-f53d665efda8,P_0150,WS_017,2023-04-19T00:00:00,faculty,DEPT_006,4,3,5,4
23403a7c-65f5-4819-bb06-68e27cd3f358,P_0007,WS_017,2023-04-21T00:00:00,grad_student,DEPT_002,5,2,5,4
39573131-0802-4f79-9576-43389f2df6b8,P_0117,WS_017,2023-04-20T00:00:00,faculty,DEPT_007,5,4,5,4
63598f8f-9f38-4ec3-8a04-ce149058d1a8,P_0119,WS_017,2023-04-19T00:00:00,faculty,DEPT_009,4,5,5,5
eee08b83-5bff-4523-bae0-6dff2e296d01,P_0036,WS_017,2023-04-21T00:00:00,grad_student,DEPT_003,2,2,4,4
44e90dfc-6183-4359-ae1a-1820e5bdf5c4,P_0104,WS_017,2023-04-20T00:00:00,faculty,DEPT_002,5,5,4,2
140fdbb8-6b75-4c79-bfec-059b350b133e,P_0048,WS_018,2023-05-09T00:00:00,faculty,DEPT_001,4,4,4,4
d0d50095-932d-408e-8420-9c9104f7ebaa,P_0098,WS_018,2023-05-07T00:00:00,grad_student,DEPT_008,4,3,2,5
fe397965-b9db-43c8-a757-785896e25d36,P_0075,WS_018,2023-05-09T00:00:00,grad_student,DEPT_008,5,5,4,2
c5c6b803-84c7-4f0e-a7cb-23c920a1ace2,P_0142,WS_018,2023-05-08T00:00:00,grad_student,DEPT_003,1,2,4,5
a3aafac3-f7a8-40d9-8982-893d1377883c,P_0126,WS_018,2023-05-09T00:00:00,grad_student,DEPT_007,3,3,3,5
187c395f-73c8-4c32-a397-27edaa43f19c,P_0011,WS_018,2023-05-09T00:00:00,faculty,DEPT_003,4,5,4,3
580f59ee-b6b6-49bc-ae37-4c9b51c83407,P_0078,WS_018,2023-05-08T00:00:00,grad_student,DEPT_009,4,3,2,3
70ae4cf6-a5b4-4611-898f-813e7eae0586,P_0150,WS_018,2023-05-09T00:00:00,faculty,DEPT_003,4,4,4,4
f195b02d-dee0-47f0-a23f-abf3ceac11d3,P_0127,WS_018,2023-05-07T00:00:00,grad_student,DEPT_009,1,5,5,2
d0f88300-05ce-447a-9ea1-ea4a8240abfd,P_0144,WS_018,2023-05-09T00:00:00,faculty,DEPT_006,4,3,2,5
58ff696c-a04e-464a-943b-800069df79e0,P_0190,WS_018,2023-05-07T00:00:00,grad_student,DEPT_003,3,5,2,2
06523757-deb4-4257-b99d-2b2badc0eb51,P_0119,WS_018,2023-05-09T00:00:00,staff,DEPT_001,5,3,2,2
0c540149-0df3-465c-9302-f8a17f9d7769,P_0058,WS_018,2023-05-07T00:00:00,staff,DEPT_002,3,1,5,1
c720f0f5-9f66-4618-9c67-dd17dda6ffe4,P_0048,WS_019,2023-04-25T00:00:00,grad_student,DEPT_005,3,3,4,2
b06bd1c5-33c4-48d8-bdf9-55a5f2c7e427,P_0172,WS_019,2023-04-23T00:00:00,faculty,DEPT_009,4,5,3,2
bd64b9cb-612b-409b-a5f5-341eb5c0adc4,P_0090,WS_019,2023-04-24T00:00:00,faculty,DEPT_010,4,3,2,4
319f54f1-72c0-4108-8704-ccee7a044b86,P_0008,WS_019,2023-04-24T00:00:00,staff,DEPT_002,3,5,3,4
800e78cd-3c55-494c-bdd2-f31c28762b65,P_0024,WS_019,2023-04-24T00:00:00,faculty,DEPT_001,5,5,2,5
56e6bbf6-ca10-4e34-8292-d79c0d2c6bea,P_0038,WS_019,2023-04-24T00:00:00,faculty,DEPT_008,5,4,4,2
832f8d30-be4f-4f2b-9632-2c9ba4b40dae,P_0192,WS_019,2023-04-23T00:00:00,grad_student,DEPT_008,2,5,5,3
3b224478-1490-41f5-aa4e-31c811c2a5dd,P_0027,WS_020,2023-09-21T00:00:00,grad_student,DEPT_008,4,5,4,3
de9d55c0-4b20-4587-8ab6-a84b3c7f35e0,P_0190,WS_020,2023-09-22T00:00:00,grad_student,DEPT_004,4,1,1,2
fc0ba990-a8fe-4d1c-8216-2329a36b8202,P_0044,WS_020,2023-09-23T00:00:00,grad_student,DEPT_010,5,3,4,1
a15234d0-a5bd-49a5-97e5-4f6a2ae05c1c,P_0017,WS_020,2023-09-23T00:00:00,grad_student,DEPT_005,4,4,4,3
9a1cd494-f867-4dff-b6db-bc5a803646dc,P_0094,WS_020,2023-09-21T00:00:00,staff,DEPT_007,3,5,5,5
b3ad9232-867a-4a5b-bddd-ae8d18b97ed3,P_0051,WS_020,2023-09-21T00:00:00,staff,DEPT_003,5,4,4,5
51123efa-e8c3-40bc-a3b6-383983a939a3,P_0087,WS_020,2023-09-22T00:00:00,grad_student,DEPT_009,5,5,3,3
2abb2828-cde3-467f-9672-636c4bbab879,P_0052,WS_020,2023-09-22T00:00:00,staff,DEPT_006,4,3,3,1
5b2ad270-fb44-47f3-80fa-07cf80c8ecaa,P_0153,WS_020,2023-09-22T00:00:00,staff,DEPT_006,1,5,3,3
0f7bf9ce-8833-4edd-8ddf-5aada23e0fa1,P_0104,WS_020,2023-09-22T00:00:00,grad_student,DEPT_004,3,1,3,4
19052ece-df4f-42af-9da3-798a7901930e,P_0032,WS_020,2023-09-23T00:00:00,staff,DEPT_001,4,5,4,3
f2480c10-8b2e-4392-aded-e957d3310524,P_0060,WS_020,2023-09-22T00:00:00,staff,DEPT_007,3,5,2,2
c5c2ce21-fefc-4847-b4b1-2d5c5226dfd0,P_0109,WS_020,2023-09-23T00:00:00,staff,DEPT_010,3,5,3,4
861a098e-eafb-4734-b372-0bcab7656423,P_0186,WS_020,2023-09-22T00:00:00,grad_student,DEPT_005,5,2,3,3
882b7840-d80d-4d57-b445-fc5f2bec2ffe,P_0128,WS_020,2023-09-22T00:00:00,staff,DEPT_008,3,5,3,4
1abc270b-cc74-471a-baf2-ad1e204cfb8f,P_0072,WS_020,2023-09-23T00:00:00,staff,DEPT_004,5,5,4,4
c7137a86-b34c-40af-b779-6b92972fd22b,P_0183,WS_020,2023-09-21T00:00:00,faculty,DEPT_008,5,4,4,1
4f20a5fb-9a6a-448b-b313-f1b6a6b8c8c8,P_0149,WS_020,2023-09-23T00:00:00,grad_student,DEPT_003,3,5,5,4
691f7f90-d658-46d4-b7a5-d92166d2e7a5,P_0152,WS_020,2023-09-21T00:00:00,staff,DEPT_003,2,4,3,2
07121ec5-1e94-4ef5-8b74-c1c97952ada0,P_0070,WS_020,2023-09-22T00:00:00,grad_student,DEPT_008,4,4,2,3
e5582901-4ab8-442b-918a-8efbd86bd85e,P_0165,WS_020,2023-09-22T00:00:00,faculty,DEPT_009,3,5,1,2
e8f48df6-9d08-483d-bb83-f54577d3ac50,P_0103,WS_020,2023-09-23T00:00:00,grad_student,DEPT_006,3,5,2,4
16557c74-cd4a-482d-90ec-71c1c48ae05b,P_0092,WS_020,2023-09-21T00:00:00,grad_student,DEPT_010,4,5,3,4
